{
    "male": {
        "months": [
            0,
            1,
            2,
            3,
            4,
            5,
            6,
            7,
            8,
            9,
            10,
            11,
            12,
            13,
            14,
            15,
            16,
            17,
            18,
            19,
            20,
            21,
            22,
            23,
            24
        ],
        "p3": [
            31.92128,
            34.94019,
            36.78314,
            38.14913,
            39.24371,
            40.14288,
            40.88935,
            41.51388,
            42.03988,
            42.48701,
            42.8715,
            43.20496,
            43.49653,
            43.75468,
            43.98406,
            44.19235,
            44.38101,
            44.55604,
            44.71832,
            44.87085,
            45.01543,
            45.15215,
            45.28376,
            45.40901,
            45.52915
        ],
        "p50": [
            34.4618,
            37.2759,
            39.1285,
            40.5135,
            41.6317,
            42.5576,
            43.3306,
            43.9803,
            44.53,
            44.9998,
            45.4051,
            45.7573,
            46.0661,
            46.3395,
            46.5844,
            46.806,
            47.0088,
            47.1962,
            47.3711,
            47.5357,
            47.6919,
            47.8408,
            47.9833,
            48.1201,
            48.2515
        ],
        "p97": [
            37.0023239,
            39.6116079,
            41.4738623,
            42.8778679,
            44.0196943,
            44.9723182,
            45.771846,
            46.4467152,
            47.0201176,
            47.5125888,
            47.9387046,
            48.3096422,
            48.6356671,
            48.9243173,
            49.1847412,
            49.419647,
            49.6365919,
            49.8363554,
            50.0238816,
            50.2005513,
            50.3683694,
            50.529453,
            50.6828405,
            50.8311864,
            50.9738496
        ]
    },
    "female": {
        "months": [
            0,
            1,
            2,
            3,
            4,
            5,
            6,
            7,
            8,
            9,
            10,
            11,
            12,
            13,
            14,
            15,
            16,
            17,
            18,
            19,
            20,
            21,
            22,
            23,
            24
        ],
        "p3": [
            31.5099,
            34.20003,
            35.82845,
            37.05014,
            38.05021,
            38.88688,
            39.5941,
            40.19502,
            40.71043,
            41.15374,
            41.53906,
            41.87813,
            42.17847,
            42.44752,
            42.69001,
            42.91032,
            43.11402,
            43.30266,
            43.47988,
            43.647,
            43.80672,
            43.96027,
            44.10877,
            44.2525,
            44.39184
        ],
        "p50": [
            33.8787,
            36.5463,
            38.2521,
            39.5328,
            40.5817,
            41.459,
            42.1995,
            42.829,
            43.3671,
            43.83,
            44.2319,
            44.5844,
            44.8965,
            45.1752,
            45.4265,
            45.6551,
            45.865,
            46.0598,
            46.2424,
            46.4152,
            46.5801,
            46.7384,
            46.8913,
            47.0391,
            47.1822
        ],
        "p97": [
            36.2474987,
            38.8925725,
            40.6757531,
            42.0154598,
            43.1131864,
            44.0311164,
            44.8048971,
            45.4629835,
            46.0237685,
            46.5062598,
            46.9247381,
            47.2906731,
            47.6145341,
            47.9028786,
            48.1629924,
            48.3998846,
            48.6159827,
            48.8169396,
            49.004921,
            49.1834025,
            49.3534792,
            49.5165305,
            49.6738297,
            49.8256963,
            49.9725553
        ]
    }
}