{
    "male": {
        "months": [
            0,
            1,
            2,
            3,
            4,
            5,
            6,
            7,
            8,
            9,
            10,
            11,
            12,
            13,
            14,
            15,
            16,
            17,
            18,
            19,
            20,
            21,
            22,
            23,
            24
        ],
        "p3": [
            46.09799,
            50.83131,
            54.42396,
            57.34047,
            59.72447,
            61.67956,
            63.34303,
            64.82235,
            66.18835,
            67.48217,
            68.71138,
            69.88013,
            70.99632,
            72.06657,
            73.09511,
            74.08522,
            75.04248,
            75.96753,
            76.86417,
            77.73119,
            78.5717,
            79.3865,
            80.17925,
            80.95077,
            81.70586
        ],
        "p50": [
            49.8842,
            54.7244,
            58.4249,
            61.4292,
            63.886,
            65.9026,
            67.6236,
            69.1645,
            70.5994,
            71.9687,
            73.2812,
            74.5388,
            75.7488,
            76.9186,
            78.0497,
            79.1458,
            80.2113,
            81.2487,
            82.2587,
            83.2418,
            84.1996,
            85.1348,
            86.0477,
            86.941,
            87.8161
        ],
        "p97": [
            53.67041,
            58.61749,
            62.42584,
            65.51793,
            68.04753,
            70.12564,
            71.90417,
            73.50665,
            75.01045,
            76.45523,
            77.85102,
            79.19748,
            80.50128,
            81.77063,
            83.0043,
            84.20638,
            85.38012,
            86.52987,
            87.65323,
            88.75241,
            89.8275,
            90.8831,
            91.91615,
            92.93123,
            93.92634
        ]
    },
    "female": {
        "months": [
            0,
            1,
            2,
            3,
            4,
            5,
            6,
            7,
            8,
            9,
            10,
            11,
            12,
            13,
            14,
            15,
            16,
            17,
            18,
            19,
            20,
            21,
            22,
            23,
            24
        ],
        "p3": [
            45.4223043,
            49.7787718,
            52.9949775,
            55.5927758,
            57.7609922,
            59.5953753,
            61.1982833,
            62.656588,
            64.0198138,
            65.3120157,
            66.5466965,
            67.7294251,
            68.8650363,
            69.9583854,
            71.0135941,
            72.0315003,
            73.016649,
            73.9729301,
            74.9001595,
            75.8018023,
            76.6778157,
            77.5310529,
            78.363609,
            79.1728908,
            79.9618054
        ],
        "p50": [
            49.1477,
            53.6872,
            57.0673,
            59.8029,
            62.0899,
            64.0301,
            65.7311,
            67.2873,
            68.7498,
            70.1435,
            71.4818,
            72.771,
            74.015,
            75.2176,
            76.3817,
            77.5099,
            78.6055,
            79.671,
            80.7079,
            81.7182,
            82.7036,
            83.6654,
            84.604,
            85.5202,
            86.4153
        ],
        "p97": [
            52.8730957,
            57.5956282,
            61.1396225,
            64.0130242,
            66.4188078,
            68.4648247,
            70.2639167,
            71.918012,
            73.4797862,
            74.9749843,
            76.4169035,
            77.8125749,
            79.1649637,
            80.4768146,
            81.7498059,
            82.9882997,
            84.1943511,
            85.3690699,
            86.5156405,
            87.6345977,
            88.7293843,
            89.7997471,
            90.844391,
            91.8675092,
            92.8687946
        ]
    }
}