{
    "male": {
        "months": [
            0,
            1,
            2,
            3,
            4,
            5,
            6,
            7,
            8,
            9,
            10,
            11,
            12,
            13,
            14,
            15,
            16,
            17,
            18,
            19,
            20,
            21,
            22,
            23,
            24
        ],
        "p3": [
            2.459312,
            3.39089,
            4.31889,
            5.018434,
            5.561377,
            5.996672,
            6.352967,
            6.653301,
            6.913126,
            7.144822,
            7.356558,
            7.55441,
            7.742219,
            7.922091,
            8.095984,
            8.265127,
            8.430734,
            8.593128,
            8.752902,
            8.909889,
            9.065209,
            9.219037,
            9.371554,
            9.522741,
            9.672527
        ],
        "p50": [
            3.3464,
            4.4709,
            5.5675,
            6.3762,
            7.0023,
            7.5105,
            7.934,
            8.297,
            8.6151,
            8.9014,
            9.1649,
            9.4122,
            9.6479,
            9.8749,
            10.0953,
            10.3108,
            10.5228,
            10.7319,
            10.9385,
            11.143,
            11.3462,
            11.5486,
            11.7504,
            11.9514,
            12.1515
        ],
        "p97": [
            4.419354,
            5.798331,
            7.090758,
            8.024169,
            8.746662,
            9.342238,
            9.848832,
            10.29113,
            10.68428,
            11.04177,
            11.37341,
            11.6862,
            11.98574,
            12.27589,
            12.55884,
            12.83707,
            13.11206,
            13.38491,
            13.65558,
            13.92552,
            14.19492,
            14.46469,
            14.7352,
            15.0059,
            15.27674
        ]
    },
    "female": {
        "months": [
            0,
            1,
            2,
            3,
            4,
            5,
            6,
            7,
            8,
            9,
            10,
            11,
            12,
            13,
            14,
            15,
            16,
            17,
            18,
            19,
            20,
            21,
            22,
            23,
            24
        ],
        "p3": [
            2.394672,
            3.161067,
            3.941053,
            4.53604,
            5.013368,
            5.403844,
            5.729383,
            6.008387,
            6.253445,
            6.472906,
            6.673828,
            6.862262,
            7.042612,
            7.217847,
            7.389684,
            7.559527,
            7.727588,
            7.894535,
            8.060311,
            8.224599,
            8.387882,
            8.55031,
            8.712397,
            8.8741,
            9.035869
        ],
        "p50": [
            3.2322,
            4.1873,
            5.1282,
            5.8458,
            6.4237,
            6.8985,
            7.297,
            7.6422,
            7.9487,
            8.2254,
            8.48,
            8.7192,
            8.9481,
            9.1699,
            9.387,
            9.6008,
            9.8124,
            10.0226,
            10.2315,
            10.4393,
            10.6464,
            10.8534,
            11.0608,
            11.2688,
            11.4775
        ],
        "p97": [
            4.23043022,
            5.4754539,
            6.62967897,
            7.51447955,
            8.23331075,
            8.82941522,
            9.33549062,
            9.78039888,
            10.1810939,
            10.5466186,
            10.8851054,
            11.2038881,
            11.5086985,
            11.8028109,
            12.0897773,
            12.3707367,
            12.6483665,
            12.9237235,
            13.1972107,
            13.4699234,
            13.7422028,
            14.0154884,
            14.2901756,
            14.5668755,
            14.8452857
        ]
    }
}